[
  {
    "id": 1,
    "username": "matheus",
    "email": "faria@gmail.com",
    "password": "$2b$10$m0Eo8M5vXwbQ2caGtu2fbOSJnL63zNnRUwGRPvG1r5RjzJsFam/VW",
    "token": "Sd2bSz7U0cc8fPE"
  },
  {
    "id": 2,
    "username": "lucas",
    "email": "lucas@gmail.com",
    "password": "$2b$10$SCIa.wMgU2CkwxkEBEn73Ose7v2byuJWp5Y1R5xRMfmkS7VUn9rFC",
    "token": "BNR4wzI97byHGSQ"
  },
  {
    "id": 3,
    "username": "lucas",
    "email": "lucas.prado1@gmail.com",
    "password": "$2b$10$kBAtxzpSe6HNKC2l5RR90uMYfqzE6AOBTtpAeDnNwGxLChS6WM8Ta",
    "token": "uCPcGp0nTGCV0sY"
  },
  {
    "id": 4,
    "username": "lucas2",
    "email": "lucas.prado_4@hotmail.com",
    "password": "$2b$10$Kaf8.Wh7.NlIh5QLJP4g9.iV8rrV5C1gu.DSGo7d1VlTo3HwctQL6",
    "token": "dgrUfYqasYQOy2U"
  }
]